client,scenario,requests,errors,duration_seconds,rps,latency_ms_min,latency_ms_max,latency_ms_mean,latency_ms_p50,latency_ms_p90,latency_ms_p99
finch,health,2923204,0,30.0000,97440.1431,0.2400,7.1470,1.0255,0.9826,1.5257,2.0595
finch,small,2669289,0,30.0002,88975.7632,0.2610,7.5760,1.1231,1.0644,1.6528,2.2761
finch,medium,354298,0,30.0046,11808.1306,0.4780,246.5470,8.4665,8.0245,15.2186,22.7037
finch,large,44416,0,30.0371,1478.7071,4.8560,639.3480,67.5882,58.1229,124.2860,226.4685
finch,json,2762118,0,30.0004,92069.4645,0.2560,11.8940,1.0853,1.0227,1.6200,2.1868
finch,echo,2709014,0,29.9998,90301.1138,0.2580,11.3470,1.1066,1.0433,1.6528,2.2761
finch,stream,44399,0,30.0850,1475.7861,4.6310,663.0590,67.6173,59.2971,124.2860,209.0562
finch,delay,29900,0,30.0394,995.3580,99.3080,102.7100,100.3702,99.7412,101.7561,101.7561
finch,delay_var,27200,0,30.1608,901.8331,19.5470,201.3330,110.5232,110.2314,181.7439,200.8587
